set	file	w	h	depth	ctype	png	pxl	ratio	enc_ms	dec_ms	filter	status
kodak	01.png	768	512	8	2	736501	603480	81.94	2972	363	BCIF	OK
kodak	02.png	768	512	8	2	617995	556928	90.12	3780	625	BCIF	OK
kodak	03.png	768	512	8	2	502888	468588	93.18	3543	387	BCIF	OK
kodak	04.png	512	768	8	2	637432	569769	89.39	2255	352	BCIF	OK
kodak	05.png	768	512	8	2	785610	662244	84.30	2220	282	BCIF	OK
kodak	06.png	768	512	8	2	618959	541241	87.44	2294	298	BCIF	OK
kodak	07.png	768	512	8	2	566322	515407	91.01	2805	378	BCIF	OK
kodak	08.png	768	512	8	2	788470	687347	87.17	2749	302	BCIF	OK
kodak	09.png	512	768	8	2	582899	520265	89.25	2605	375	BCIF	OK
kodak	10.png	512	768	8	2	593463	540772	91.12	2478	353	BCIF	OK
kodak	11.png	768	512	8	2	621023	541266	87.16	2142	299	BCIF	OK
kodak	12.png	768	512	8	2	531024	489459	92.17	2667	380	BCIF	OK
kodak	13.png	768	512	8	2	822712	676381	82.21	1606	242	BCIF	OK
kodak	14.png	768	512	8	2	692201	589297	85.13	2051	291	BCIF	OK
kodak	15.png	768	512	8	2	612582	563551	92.00	2601	340	BCIF	OK
kodak	16.png	768	512	8	2	534247	478110	89.49	2476	342	BCIF	OK
kodak	17.png	512	768	8	2	602078	533158	88.55	2370	346	BCIF	OK
kodak	18.png	512	768	8	2	780947	668923	85.66	1769	278	BCIF	OK
kodak	19.png	512	768	8	2	671476	581179	86.55	2257	361	BCIF	OK
kodak	20.png	768	512	8	2	492462	483081	98.10	2017	272	delta	OK
kodak	21.png	768	512	8	2	637051	558807	87.72	2229	354	BCIF	OK
kodak	22.png	768	512	8	2	701970	640657	91.27	1904	374	BCIF	OK
kodak	23.png	768	512	8	2	557596	549773	98.60	2522	519	BCIF	OK
kodak	24.png	768	512	8	2	706397	613836	86.90	2010	313	BCIF	OK
pngsuite	PngSuite.png	256	256	8	2	2262	656	29.00	217	19	adaptive	OK
pngsuite	basi0g01.png	32	32	1	0	217	148	68.20	5	4	delta	OK
pngsuite	basi0g02.png	32	32	2	0	154	88	57.14	4	6	delta	OK
pngsuite	basi0g04.png	32	32	4	0	247	80	32.39	6	4	adaptive	OK
pngsuite	basi0g08.png	32	32	8	0	254	111	43.70	4	4	adaptive	OK
pngsuite	basi0g16.png	32	32	16	0	299	133	44.48	6	4	adaptive	OK
pngsuite	basi2c08.png	32	32	8	2	315	117	37.14	5	4	adaptive	OK
pngsuite	basi2c16.png	32	32	16	2	595	211	35.46	12	4	adaptive	OK
pngsuite	basi3p01.png	32	32	1	3	132	71	53.79	6	4	delta	OK
pngsuite	basi3p02.png	32	32	2	3	193	105	54.40	4	3	delta	OK
pngsuite	basi3p04.png	32	32	4	3	327	153	46.79	4	3	delta	OK
pngsuite	basi3p08.png	32	32	8	3	1527	1109	72.63	5	5	delta	OK
pngsuite	basi4a08.png	32	32	8	4	214	104	48.60	5	4	adaptive	OK
pngsuite	basi4a16.png	32	32	16	4	2855	1240	43.43	12	4	delta	OK
pngsuite	basi6a08.png	32	32	8	6	361	164	45.43	8	4	adaptive	OK
pngsuite	basi6a16.png	32	32	16	6	4180	2462	58.90	16	8	delta	OK
pngsuite	basn0g01.png	32	32	1	0	164	148	90.24	5	5	delta	OK
pngsuite	basn0g02.png	32	32	2	0	104	88	84.62	4	3	delta	OK
pngsuite	basn0g04.png	32	32	4	0	145	80	55.17	4	6	adaptive	OK
pngsuite	basn0g08.png	32	32	8	0	138	111	80.43	4	4	adaptive	OK
pngsuite	basn0g16.png	32	32	16	0	167	133	79.64	5	4	adaptive	OK
pngsuite	basn2c08.png	32	32	8	2	145	117	80.69	6	3	adaptive	OK
pngsuite	basn2c16.png	32	32	16	2	302	211	69.87	11	4	adaptive	OK
pngsuite	basn3p01.png	32	32	1	3	112	71	63.39	6	4	delta	OK
pngsuite	basn3p02.png	32	32	2	3	146	105	71.92	4	4	delta	OK
pngsuite	basn3p04.png	32	32	4	3	216	153	70.83	4	4	delta	OK
pngsuite	basn3p08.png	32	32	8	3	1286	1109	86.24	5	4	delta	OK
pngsuite	basn4a08.png	32	32	8	4	126	104	82.54	5	4	adaptive	OK
pngsuite	basn4a16.png	32	32	16	4	2206	1240	56.21	9	5	delta	OK
pngsuite	basn6a08.png	32	32	8	6	184	164	89.13	7	4	adaptive	OK
pngsuite	basn6a16.png	32	32	16	6	3435	2462	71.67	26	13	delta	OK
pngsuite	bgai4a08.png	32	32	8	4	214	104	48.60	8	4	adaptive	OK
pngsuite	bgai4a16.png	32	32	16	4	2855	1240	43.43	11	5	delta	OK
pngsuite	bgan6a08.png	32	32	8	6	184	164	89.13	9	4	adaptive	OK
pngsuite	bgan6a16.png	32	32	16	6	3435	2462	71.67	17	5	delta	OK
pngsuite	bgbn4a08.png	32	32	8	4	140	104	74.29	6	5	adaptive	OK
pngsuite	bggn4a16.png	32	32	16	4	2220	1240	55.86	9	4	delta	OK
pngsuite	bgwn6a08.png	32	32	8	6	202	164	81.19	7	6	adaptive	OK
pngsuite	bgyn6a16.png	32	32	16	6	3453	2462	71.30	17	5	delta	OK
pngsuite	ccwn2c08.png	32	32	8	2	1514	1453	95.97	9	6	adaptive	OK
pngsuite	ccwn3p08.png	32	32	8	3	1554	1484	95.50	5	4	delta	OK
pngsuite	cdfn2c08.png	8	32	8	2	404	335	82.92	5	4	adaptive	OK
pngsuite	cdhn2c08.png	32	8	8	2	344	275	79.94	7	4	delta	OK
pngsuite	cdsn2c08.png	8	8	8	2	232	177	76.29	4	5	adaptive	OK
pngsuite	cdun2c08.png	32	32	8	2	724	647	89.36	12	4	adaptive	OK
pngsuite	ch1n3p04.png	32	32	4	3	258	153	59.30	7	3	delta	OK
pngsuite	ch2n3p08.png	32	32	8	3	1810	1109	61.27	5	6	delta	OK
pngsuite	cm0n0g04.png	32	32	4	0	292	304	104.11	6	3	delta	OK
pngsuite	cm7n0g04.png	32	32	4	0	292	304	104.11	5	4	delta	OK
pngsuite	cm9n0g04.png	32	32	4	0	292	304	104.11	7	4	delta	OK
pngsuite	cs3n2c16.png	32	32	16	2	214	134	62.62	5	5	delta	OK
pngsuite	cs3n3p08.png	32	32	8	3	259	189	72.97	4	4	delta	OK
pngsuite	cs5n2c08.png	32	32	8	2	186	105	56.45	6	4	delta	OK
pngsuite	cs5n3p08.png	32	32	8	3	271	205	75.65	4	4	delta	OK
pngsuite	cs8n2c08.png	32	32	8	2	149	105	70.47	5	4	delta	OK
pngsuite	cs8n3p08.png	32	32	8	3	256	202	78.91	4	4	delta	OK
pngsuite	ct0n0g04.png	32	32	4	0	273	289	105.86	6	4	delta	OK
pngsuite	ct1n0g04.png	32	32	4	0	792	784	98.99	6	4	delta	OK
pngsuite	cten0g04.png	32	32	4	0	742	700	94.34	4	5	delta	OK
pngsuite	ctfn0g04.png	32	32	4	0	716	668	93.30	5	6	delta	OK
pngsuite	ctgn0g04.png	32	32	4	0	1182	1132	95.77	6	4	delta	OK
pngsuite	cthn0g04.png	32	32	4	0	1269	1216	95.82	4	4	adaptive	OK
pngsuite	ctjn0g04.png	32	32	4	0	941	880	93.52	4	5	delta	OK
pngsuite	ctzn0g04.png	32	32	4	0	753	745	98.94	6	4	delta	OK
pngsuite	exif2c08.png	32	32	8	2	1788	1799	100.62	9	4	BCIF	OK
pngsuite	f00n0g08.png	32	32	8	0	319	277	86.83	5	4	delta	OK
pngsuite	f00n2c08.png	32	32	8	2	2475	1045	42.22	10	4	adaptive	OK
pngsuite	f01n0g08.png	32	32	8	0	321	219	68.22	5	4	adaptive	OK
pngsuite	f01n2c08.png	32	32	8	2	1180	938	79.49	10	6	adaptive	OK
pngsuite	f02n0g08.png	32	32	8	0	355	249	70.14	5	4	adaptive	OK
pngsuite	f02n2c08.png	32	32	8	2	1729	1006	58.18	10	5	adaptive	OK
pngsuite	f03n0g08.png	32	32	8	0	389	252	64.78	7	4	delta	OK
pngsuite	f03n2c08.png	32	32	8	2	1291	1022	79.16	11	4	adaptive	OK
pngsuite	f04n0g08.png	32	32	8	0	269	245	91.08	6	4	adaptive	OK
pngsuite	f04n2c08.png	32	32	8	2	985	955	96.95	12	6	adaptive	OK
pngsuite	f99n0g04.png	32	32	4	0	426	227	53.29	5	5	delta	OK
pngsuite	g03n0g16.png	32	32	16	0	345	281	81.45	8	4	adaptive	OK
pngsuite	g03n2c08.png	32	32	8	2	370	293	79.19	10	4	adaptive	OK
pngsuite	g03n3p04.png	32	32	4	3	214	182	85.05	5	3	delta	OK
pngsuite	g04n0g16.png	32	32	16	0	363	295	81.27	6	5	adaptive	OK
pngsuite	g04n2c08.png	32	32	8	2	377	298	79.05	10	4	adaptive	OK
pngsuite	g04n3p04.png	32	32	4	3	219	187	85.39	4	4	delta	OK
pngsuite	g05n0g16.png	32	32	16	0	339	276	81.42	9	5	adaptive	OK
pngsuite	g05n2c08.png	32	32	8	2	350	284	81.14	11	5	adaptive	OK
pngsuite	g05n3p04.png	32	32	4	3	206	167	81.07	8	3	delta	OK
pngsuite	g07n0g16.png	32	32	16	0	321	259	80.69	8	4	adaptive	OK
pngsuite	g07n2c08.png	32	32	8	2	340	274	80.59	11	6	adaptive	OK
pngsuite	g07n3p04.png	32	32	4	3	207	167	80.68	5	3	delta	OK
pngsuite	g10n0g16.png	32	32	16	0	262	222	84.73	8	3	adaptive	OK
pngsuite	g10n2c08.png	32	32	8	2	285	222	77.89	10	6	adaptive	OK
pngsuite	g10n3p04.png	32	32	4	3	214	178	83.18	5	3	delta	OK
pngsuite	g25n0g16.png	32	32	16	0	383	341	89.03	7	4	adaptive	OK
pngsuite	g25n2c08.png	32	32	8	2	405	347	85.68	9	6	adaptive	OK
pngsuite	g25n3p04.png	32	32	4	3	215	182	84.65	4	4	adaptive	OK
pngsuite	oi1n0g16.png	32	32	16	0	167	133	79.64	5	5	adaptive	OK
pngsuite	oi1n2c16.png	32	32	16	2	302	211	69.87	11	4	adaptive	OK
pngsuite	oi2n0g16.png	32	32	16	0	179	133	74.30	5	5	adaptive	OK
pngsuite	oi2n2c16.png	32	32	16	2	314	211	67.20	10	6	adaptive	OK
pngsuite	oi4n0g16.png	32	32	16	0	203	133	65.52	5	4	adaptive	OK
pngsuite	oi4n2c16.png	32	32	16	2	338	211	62.43	14	4	adaptive	OK
pngsuite	oi9n0g16.png	32	32	16	0	1283	133	10.37	5	4	adaptive	OK
pngsuite	oi9n2c16.png	32	32	16	2	3038	211	6.95	12	4	adaptive	OK
pngsuite	pp0n2c16.png	32	32	16	2	962	211	21.93	11	8	adaptive	OK
pngsuite	pp0n6a08.png	32	32	8	6	818	121	14.79	7	4	adaptive	OK
pngsuite	ps1n0g08.png	32	32	8	0	1456	1425	97.87	4	5	adaptive	OK
pngsuite	ps1n2c16.png	32	32	16	2	1620	1525	94.14	10	6	adaptive	OK
pngsuite	ps2n0g08.png	32	32	8	0	2320	2289	98.66	4	4	adaptive	OK
pngsuite	ps2n2c16.png	32	32	16	2	2484	2389	96.18	10	4	adaptive	OK
pngsuite	s01i3p01.png	1	1	1	3	113	53	46.90	3	5	delta	OK
pngsuite	s01n3p01.png	1	1	1	3	113	53	46.90	4	4	delta	OK
pngsuite	s02i3p01.png	2	2	1	3	114	54	47.37	6	3	delta	OK
pngsuite	s02n3p01.png	2	2	1	3	115	54	46.96	4	3	delta	OK
pngsuite	s03i3p01.png	3	3	1	3	118	58	49.15	3	4	delta	OK
pngsuite	s03n3p01.png	3	3	1	3	120	58	48.33	4	3	delta	OK
pngsuite	s04i3p01.png	4	4	1	3	126	59	46.83	4	3	delta	OK
pngsuite	s04n3p01.png	4	4	1	3	121	59	48.76	3	4	delta	OK
pngsuite	s05i3p02.png	5	5	2	3	134	68	50.75	4	4	delta	OK
pngsuite	s05n3p02.png	5	5	2	3	129	68	52.71	3	4	delta	OK
pngsuite	s06i3p02.png	6	6	2	3	143	70	48.95	3	3	delta	OK
pngsuite	s06n3p02.png	6	6	2	3	131	70	53.44	5	3	delta	OK
pngsuite	s07i3p02.png	7	7	2	3	149	75	50.34	3	4	delta	OK
pngsuite	s07n3p02.png	7	7	2	3	138	75	54.35	3	3	delta	OK
pngsuite	s08i3p02.png	8	8	2	3	149	77	51.68	5	3	delta	OK
pngsuite	s08n3p02.png	8	8	2	3	139	77	55.40	4	3	delta	OK
pngsuite	s09i3p02.png	9	9	2	3	147	88	59.86	4	3	delta	OK
pngsuite	s09n3p02.png	9	9	2	3	143	88	61.54	4	4	delta	OK
pngsuite	s32i3p04.png	32	32	4	3	355	238	67.04	5	4	adaptive	OK
pngsuite	s32n3p04.png	32	32	4	3	263	238	90.49	5	4	adaptive	OK
pngsuite	s33i3p04.png	33	33	4	3	385	287	74.55	5	4	delta	OK
pngsuite	s33n3p04.png	33	33	4	3	329	287	87.23	5	5	delta	OK
pngsuite	s34i3p04.png	34	34	4	3	349	218	62.46	5	4	delta	OK
pngsuite	s34n3p04.png	34	34	4	3	248	218	87.90	5	4	delta	OK
pngsuite	s35i3p04.png	35	35	4	3	399	290	72.68	5	3	delta	OK
pngsuite	s35n3p04.png	35	35	4	3	338	290	85.80	5	4	delta	OK
pngsuite	s36i3p04.png	36	36	4	3	356	225	63.20	6	4	delta	OK
pngsuite	s36n3p04.png	36	36	4	3	258	225	87.21	5	4	delta	OK
pngsuite	s37i3p04.png	37	37	4	3	393	290	73.79	5	4	delta	OK
pngsuite	s37n3p04.png	37	37	4	3	336	290	86.31	6	4	delta	OK
pngsuite	s38i3p04.png	38	38	4	3	357	214	59.94	5	4	delta	OK
pngsuite	s38n3p04.png	38	38	4	3	245	214	87.35	5	5	delta	OK
pngsuite	s39i3p04.png	39	39	4	3	420	305	72.62	5	4	delta	OK
pngsuite	s39n3p04.png	39	39	4	3	352	305	86.65	6	4	delta	OK
pngsuite	s40i3p04.png	40	40	4	3	357	224	62.75	5	5	delta	OK
pngsuite	s40n3p04.png	40	40	4	3	256	224	87.50	4	4	delta	OK
pngsuite	tbbn0g04.png	32	32	4	0	429	454	105.83	8	4	adaptive	OK
pngsuite	tbbn2c16.png	32	32	16	2	2041	2205	108.04	13	5	adaptive	OK
pngsuite	tbbn3p08.png	32	32	8	3	1499	1448	96.60	5	4	delta	OK
pngsuite	tbgn2c16.png	32	32	16	2	2041	2205	108.04	14	4	adaptive	OK
pngsuite	tbgn3p08.png	32	32	8	3	1499	1448	96.60	5	3	delta	OK
pngsuite	tbrn2c08.png	32	32	8	2	1633	1260	77.16	10	4	BCIF	OK
pngsuite	tbwn0g16.png	32	32	16	0	1313	1547	117.82	9	4	adaptive	OK
pngsuite	tbwn3p08.png	32	32	8	3	1496	1445	96.59	5	4	delta	OK
pngsuite	tbyn3p08.png	32	32	8	3	1499	1448	96.60	5	4	delta	OK
pngsuite	tm3n3p02.png	32	32	2	3	116	71	61.21	3	6	delta	OK
pngsuite	tp0n0g08.png	32	32	8	0	719	679	94.44	5	5	adaptive	OK
pngsuite	tp0n2c08.png	32	32	8	2	1594	1183	74.22	11	6	BCIF	OK
pngsuite	tp0n3p08.png	32	32	8	3	1476	1446	97.97	5	6	delta	OK
pngsuite	tp1n3p08.png	32	32	8	3	1483	1445	97.44	5	4	delta	OK
pngsuite	xc1n0g08.png					138						ENC_REFUSED
pngsuite	xc9n2c08.png					145						ENC_REFUSED
pngsuite	xcrn0g04.png					145						ENC_REFUSED
pngsuite	xcsn0g01.png					164						ENC_REFUSED
pngsuite	xd0n2c08.png					145						ENC_REFUSED
pngsuite	xd3n2c08.png					145						ENC_REFUSED
pngsuite	xd9n2c08.png					145						ENC_REFUSED
pngsuite	xdtn0g01.png					61						ENC_REFUSED
pngsuite	xhdn0g08.png					138						ENC_REFUSED
pngsuite	xlfn0g04.png					145						ENC_REFUSED
pngsuite	xs1n0g01.png					164						ENC_REFUSED
pngsuite	xs2n0g01.png					164						ENC_REFUSED
pngsuite	xs4n0g01.png					164						ENC_REFUSED
pngsuite	xs7n0g01.png					164						ENC_REFUSED
pngsuite	z00n2c08.png	32	32	8	2	3172	170	5.36	9	4	adaptive	OK
pngsuite	z03n2c08.png	32	32	8	2	232	170	73.28	9	7	adaptive	OK
pngsuite	z06n2c08.png	32	32	8	2	224	170	75.89	9	4	adaptive	OK
pngsuite	z09n2c08.png	32	32	8	2	224	170	75.89	9	5	adaptive	OK
misc	Photorealistic_cover.png	3000	3000	8	2	11246237	11458384	101.89	78626	9353	BCIF	OK
misc	Photorealistic_cover_fs8.png	3000	3000	8	3	4142038	4382861	105.81	15408	1446	delta	OK
misc	RGB_24bits_palette_color_test_chart.png	258	200	8	2	30597	3480	11.37	126	16	delta	OK
